,secid,date,symbol,symbol_flag,exdate,last_date,cp_flag,strike_price,best_bid,best_offer,volume,open_interest,impl_volatility,delta,gamma,vega,theta,optionid,cfadj,am_settlement,contract_size,ss_flag,forward_price,expiry_indicator,root,suffix,cusip,ticker,sic,index_flag,exchange_d,class,issue_type,industry_group,issuer,div_convention,exercise_style,am_set_flag,current_time
1233952,102480,2021-06-21,NDX 220617C15700000,1,2022-06-17,2021-05-20,C,15700000,493.5,528.5,0,1,0.196978,0.315208,0.000128,4964.073,-463.6092,138101647,1,1,100,0,,,,,12490H10,NDX,9999.0,1,32768,,A,,NASDAQ 100 INDEX,I,E,,0.989041095890411
1247280,102480,2021-06-22,NDX 220617C15700000,1,2022-06-17,2021-05-20,C,15700000,530.6,557.9,0,1,0.195356,0.330092,0.00013,5099.357,-472.2081,138101647,1,1,100,0,,,,,12490H10,NDX,9999.0,1,32768,,A,,NASDAQ 100 INDEX,I,E,,0.9863013698630136
1260302,102480,2021-06-23,NDX 220617C15700000,1,2022-06-17,2021-05-20,C,15700000,515.7,544.3,0,1,0.192452,0.327195,0.000132,5076.057,-464.6548,138101647,1,1,100,0,,,,,12490H10,NDX,9999.0,1,32768,,A,,NASDAQ 100 INDEX,I,E,,0.9835616438356164
1274228,102480,2021-06-24,NDX 220617C15700000,1,2022-06-17,2021-05-20,C,15700000,552.5,592.4,0,1,0.194887,0.342068,0.000132,5190.414,-482.5748,138101647,1,1,100,0,,,,,12490H10,NDX,9999.0,1,32768,,A,,NASDAQ 100 INDEX,I,E,,0.9808219178082191
1288162,102480,2021-06-25,NDX 220617C15700000,1,2022-06-17,2021-05-20,C,15700000,539.3,575.6,0,1,0.193641,0.337581,0.000133,5149.892,-477.018,138101647,1,1,100,0,,,,,12490H10,NDX,9999.0,1,32768,,A,,NASDAQ 100 INDEX,I,E,,0.9780821917808219
1302156,102480,2021-06-28,NDX 220617C15700000,1,2022-06-17,2021-05-20,C,15700000,616.6,648.6,0,1,0.196168,0.364706,0.000133,5339.703,-507.101,138101647,1,1,100,0,,,,,12490H10,NDX,9999.0,1,32768,,A,,NASDAQ 100 INDEX,I,E,,0.9698630136986301
1315436,102480,2021-06-29,NDX 220617C15700000,1,2022-06-17,2021-05-20,C,15700000,657.4,682.7,0,1,0.200165,0.37463,0.000132,5395.748,-524.1702,138101647,1,1,100,0,,,,,12490H10,NDX,9999.0,1,32768,,A,,NASDAQ 100 INDEX,I,E,,0.9671232876712329
1329354,102480,2021-06-30,NDX 220617C15700000,1,2022-06-17,2021-05-20,C,15700000,657.2,685.3,0,1,0.201837,0.373794,0.000131,5378.169,-529.0933,138101647,1,1,100,0,,,,,12490H10,NDX,9999.0,1,32768,,A,,NASDAQ 100 INDEX,I,E,,0.9643835616438357
1344730,102480,2021-07-01,NDX 220617C15700000,1,2022-06-17,2021-05-20,C,15700000,645.5,672.1,0,1,0.199367,0.371993,0.000132,5364.439,-522.8361,138101647,1,1,100,0,,,,,12490H10,NDX,9999.0,1,32768,,A,,NASDAQ 100 INDEX,I,E,,0.9616438356164384
1359598,102480,2021-07-02,NDX 220617C15700000,1,2022-06-17,2021-05-20,C,15700000,717.7,750.5,0,1,0.201707,0.39594,0.000132,5517.697,-544.1027,138101647,1,1,100,0,,,,,12490H10,NDX,9999.0,1,32768,,A,,NASDAQ 100 INDEX,I,E,,0.958904109589041
1375428,102480,2021-07-06,NDX 220617C15700000,1,2022-06-17,2021-05-20,C,15700000,757.1,788.5,0,1,0.205564,0.406014,0.00013,5543.604,-563.6583,138101647,1,1,100,0,,,,,12490H10,NDX,9999.0,1,32768,,A,,NASDAQ 100 INDEX,I,E,,0.947945205479452
1391060,102480,2021-07-07,NDX 220617C15700000,1,2022-06-17,2021-07-07,C,15700000,771.3,801.5,3,1,0.206519,0.409727,0.00013,5556.788,-569.2191,138101647,1,1,100,0,,,,,12490H10,NDX,9999.0,1,32768,,A,,NASDAQ 100 INDEX,I,E,,0.9452054794520548
1406674,102480,2021-07-08,NDX 220617C15700000,1,2022-06-17,2021-07-07,C,15700000,748.8,779.5,0,2,0.209271,0.400274,0.000129,5484.341,-572.1257,138101647,1,1,100,0,,,,,12490H10,NDX,9999.0,1,32768,,A,,NASDAQ 100 INDEX,I,E,,0.9424657534246575
1421840,102480,2021-07-09,NDX 220617C15700000,1,2022-06-17,2021-07-07,C,15700000,766.9,802.0,0,2,0.205494,0.410747,0.000131,5549.991,-569.3751,138101647,1,1,100,0,,,,,12490H10,NDX,9999.0,1,32768,,A,,NASDAQ 100 INDEX,I,E,,0.9397260273972603
1437061,102480,2021-07-12,NDX 220617C15700000,1,2022-06-17,2021-07-07,C,15700000,789.4,819.0,0,2,0.206023,0.417411,0.000131,5565.229,-577.3279,138101647,1,1,100,0,,,,,12490H10,NDX,9999.0,1,32768,,A,,NASDAQ 100 INDEX,I,E,,0.9315068493150684
1452115,102480,2021-07-13,NDX 220617C15700000,1,2022-06-17,2021-07-07,C,15700000,791.0,822.2,0,2,0.206898,0.417635,0.000131,5556.688,-581.374,138101647,1,1,100,0,,,,,12490H10,NDX,9999.0,1,32768,,A,,NASDAQ 100 INDEX,I,E,,0.9287671232876712
1466457,102480,2021-07-14,NDX 220617C15700000,1,2022-06-17,2021-07-07,C,15700000,806.4,837.8,0,2,0.208089,0.421578,0.000131,5569.25,-587.3374,138101647,1,1,100,0,,,,,12490H10,NDX,9999.0,1,32768,,A,,NASDAQ 100 INDEX,I,E,,0.9260273972602739
1480799,102480,2021-07-15,NDX 220617C15700000,1,2022-06-17,2021-07-07,C,15700000,762.2,792.5,0,2,0.208245,0.407636,0.000131,5480.574,-581.0969,138101647,1,1,100,0,,,,,12490H10,NDX,9999.0,1,32768,,A,,NASDAQ 100 INDEX,I,E,,0.9232876712328767
1493479,102480,2021-07-16,NDX 220617C15700000,1,2022-06-17,2021-07-07,C,15700000,716.0,746.1,0,2,0.208341,0.392747,0.000131,5379.256,-573.571,138101647,1,1,100,0,,,,,12490H10,NDX,9999.0,1,32768,,A,,NASDAQ 100 INDEX,I,E,,0.9205479452054794
1506381,102480,2021-07-19,NDX 220617C15700000,1,2022-06-17,2021-07-07,C,15700000,671.0,708.5,0,2,0.210972,0.377323,0.000129,5246.172,-573.6094,138101647,1,1,100,0,,,,,12490H10,NDX,9999.0,1,32768,,A,,NASDAQ 100 INDEX,I,E,,0.9123287671232877
1520329,102480,2021-07-20,NDX 220617C15700000,1,2022-06-17,2021-07-07,C,15700000,729.7,764.6,0,2,0.208919,0.398776,0.000131,5386.373,-583.6724,138101647,1,1,100,0,,,,,12490H10,NDX,9999.0,1,32768,,A,,NASDAQ 100 INDEX,I,E,,0.9095890410958904
1535173,102480,2021-07-21,NDX 220617C15700000,1,2022-06-17,2021-07-07,C,15700000,761.7,787.6,0,2,0.205734,0.411156,0.000133,5460.903,-583.158,138101647,1,1,100,0,,,,,12490H10,NDX,9999.0,1,32768,,A,,NASDAQ 100 INDEX,I,E,,0.9068493150684932
1550025,102480,2021-07-22,NDX 220617C15700000,1,2022-06-17,2021-07-07,C,15700000,799.0,838.9,0,2,0.206706,0.424603,0.000133,5526.685,-593.7947,138101647,1,1,100,0,,,,,12490H10,NDX,9999.0,1,32768,,A,,NASDAQ 100 INDEX,I,E,,0.9041095890410958
1564225,102480,2021-07-23,NDX 220617C15700000,1,2022-06-17,2021-07-07,C,15700000,893.0,922.7,0,2,0.209504,0.448922,0.000131,5634.635,-614.0549,138101647,1,1,100,0,,,,,12490H10,NDX,9999.0,1,32768,,A,,NASDAQ 100 INDEX,I,E,,0.9013698630136986
1580665,102480,2021-07-26,NDX 220617C15700000,1,2022-06-17,2021-07-07,C,15700000,904.8,932.7,0,2,0.211181,0.451384,0.000131,5618.62,-623.4365,138101647,1,1,100,0,,,,,12490H10,NDX,9999.0,1,32768,,A,,NASDAQ 100 INDEX,I,E,,0.8931506849315068
1596257,102480,2021-07-27,NDX 220617C15700000,1,2022-06-17,2021-07-07,C,15700000,831.6,866.6,0,2,0.212325,0.429925,0.000131,5504.584,-618.157,138101647,1,1,100,0,,,,,12490H10,NDX,9999.0,1,32768,,A,,NASDAQ 100 INDEX,I,E,,0.8904109589041096
1611131,102480,2021-07-28,NDX 220617C15700000,1,2022-06-17,2021-07-07,C,15700000,847.0,877.5,0,2,0.2102,0.436391,0.000132,5533.438,-616.3522,138101647,1,1,100,0,,,,,12490H10,NDX,9999.0,1,32768,,A,,NASDAQ 100 INDEX,I,E,,0.8876712328767123
1626007,102480,2021-07-29,NDX 220617C15700000,1,2022-06-17,2021-07-07,C,15700000,849.0,885.8,0,2,0.209122,0.439375,0.000133,5542.435,-615.2139,138101647,1,1,100,0,,,,,12490H10,NDX,9999.0,1,32768,,A,,NASDAQ 100 INDEX,I,E,,0.8849315068493151
1640437,102480,2021-07-30,NDX 220617C15700000,1,2022-06-17,2021-07-07,C,15700000,819.4,845.5,0,2,0.210072,0.428059,0.000132,5476.053,-613.5021,138101647,1,1,100,0,,,,,12490H10,NDX,9999.0,1,32768,,A,,NASDAQ 100 INDEX,I,E,,0.8821917808219178
1656319,102480,2021-08-02,NDX 220617C15700000,1,2022-06-17,2021-07-07,C,15700000,814.2,842.3,0,2,0.209951,0.427889,0.000133,5451.603,-616.2653,138101647,1,1,100,0,,,,,12490H10,NDX,9999.0,1,32768,,A,,NASDAQ 100 INDEX,I,E,,0.873972602739726
1671653,102480,2021-08-03,NDX 220617C15700000,1,2022-06-17,2021-07-07,C,15700000,843.2,874.4,0,2,0.208122,0.439518,0.000134,5504.711,-617.4017,138101647,1,1,100,0,,,,,12490H10,NDX,9999.0,1,32768,,A,,NASDAQ 100 INDEX,I,E,,0.8712328767123287
1686265,102480,2021-08-04,NDX 220617C15700000,1,2022-06-17,2021-07-07,C,15700000,856.2,888.3,0,2,0.209149,0.442874,0.000134,5510.718,-622.8569,138101647,1,1,100,0,,,,,12490H10,NDX,9999.0,1,32768,,A,,NASDAQ 100 INDEX,I,E,,0.8684931506849315
1701451,102480,2021-08-05,NDX 220617C15700000,1,2022-06-17,2021-07-07,C,15700000,887.1,917.2,0,2,0.20684,0.454654,0.000135,5557.963,-622.1829,138101647,1,1,100,0,,,,,12490H10,NDX,9999.0,1,32768,,A,,NASDAQ 100 INDEX,I,E,,0.8657534246575342
1716141,102480,2021-08-06,NDX 220617C15700000,1,2022-06-17,2021-07-07,C,15700000,841.6,870.5,0,2,0.204666,0.443403,0.000137,5503.787,-612.2408,138101647,1,1,100,0,,,,,12490H10,NDX,9999.0,1,32768,,A,,NASDAQ 100 INDEX,I,E,,0.863013698630137
1730898,102480,2021-08-09,NDX 220617C15700000,1,2022-06-17,2021-07-07,C,15700000,853.8,883.0,0,2,0.205899,0.44696,0.000137,5492.872,-620.8797,138101647,1,1,100,0,,,,,12490H10,NDX,9999.0,1,32768,,A,,NASDAQ 100 INDEX,I,E,,0.8547945205479452
1746890,102480,2021-08-10,NDX 220617C15700000,1,2022-06-17,2021-07-07,C,15700000,827.3,851.3,0,2,0.207241,0.436931,0.000136,5436.13,-622.1099,138101647,1,1,100,0,,,,,12490H10,NDX,9999.0,1,32768,,A,,NASDAQ 100 INDEX,I,E,,0.852054794520548
1762164,102480,2021-08-11,NDX 220617C15700000,1,2022-06-17,2021-07-07,C,15700000,818.8,838.3,0,2,0.207603,0.433562,0.000136,5411.108,-623.0131,138101647,1,1,100,0,,,,,12490H10,NDX,9999.0,1,32768,,A,,NASDAQ 100 INDEX,I,E,,0.8493150684931506
1777438,102480,2021-08-12,NDX 220617C15700000,1,2022-06-17,2021-07-07,C,15700000,853.7,867.4,0,2,0.208871,0.442534,0.000136,5442.967,-632.175,138101647,1,1,100,0,,,,,12490H10,NDX,9999.0,1,32768,,A,,NASDAQ 100 INDEX,I,E,,0.8465753424657534
1792100,102480,2021-08-13,NDX 220617C15700000,1,2022-06-17,2021-07-07,C,15700000,858.1,879.8,0,2,0.206866,0.447595,0.000137,5460.644,-629.2538,138101647,1,1,100,0,,,,,12490H10,NDX,9999.0,1,32768,,A,,NASDAQ 100 INDEX,I,E,,0.8438356164383561
1808160,102480,2021-08-16,NDX 220617C15700000,1,2022-06-17,2021-07-07,C,15700000,856.1,873.8,0,2,0.206778,0.447568,0.000138,5435.524,-632.27,138101647,1,1,100,0,,,,,12490H10,NDX,9999.0,1,32768,,A,,NASDAQ 100 INDEX,I,E,,0.8356164383561644
1823408,102480,2021-08-17,NDX 220617C15700000,1,2022-06-17,2021-07-07,C,15700000,792.5,815.8,0,2,0.206961,0.428627,0.000138,5338.861,-625.6739,138101647,1,1,100,0,,,,,12490H10,NDX,9999.0,1,32768,,A,,NASDAQ 100 INDEX,I,E,,0.8328767123287671
1838504,102480,2021-08-18,NDX 220617C15700000,1,2022-06-17,2021-07-07,C,15700000,748.7,784.2,0,2,0.211728,0.411912,0.000135,5234.623,-631.4982,138101647,1,1,100,0,,,,,12490H10,NDX,9999.0,1,32768,,A,,NASDAQ 100 INDEX,I,E,,0.8301369863013699
1853604,102480,2021-08-19,NDX 220617C15700000,1,2022-06-17,2021-07-07,C,15700000,782.9,813.2,0,2,0.211938,0.422344,0.000135,5281.435,-639.8768,138101647,1,1,100,0,,,,,12490H10,NDX,9999.0,1,32768,,A,,NASDAQ 100 INDEX,I,E,,0.8273972602739726
1867098,102480,2021-08-20,NDX 220617C15700000,1,2022-06-17,2021-07-07,C,15700000,849.9,876.1,0,2,0.211641,0.443341,0.000136,5375.314,-650.4333,138101647,1,1,100,0,,,,,12490H10,NDX,9999.0,1,32768,,A,,NASDAQ 100 INDEX,I,E,,0.8246575342465754
1880654,102480,2021-08-23,NDX 220617C15700000,1,2022-06-17,2021-07-07,C,15700000,928.6,961.9,0,2,0.209176,0.471674,0.000137,5465.744,-657.8873,138101647,1,1,100,0,,,,,12490H10,NDX,9999.0,1,32768,,A,,NASDAQ 100 INDEX,I,E,,0.8164383561643835
1895828,102480,2021-08-24,NDX 220617C15700000,1,2022-06-17,2021-07-07,C,15700000,969.7,993.2,0,2,0.212191,0.479104,0.000135,5478.264,-671.4327,138101647,1,1,100,0,,,,,12490H10,NDX,9999.0,1,32768,,A,,NASDAQ 100 INDEX,I,E,,0.8136986301369863
1910446,102480,2021-08-25,NDX 220617C15700000,1,2022-06-17,2021-07-07,C,15700000,968.3,990.3,0,2,0.211167,0.480032,0.000136,5473.658,-669.5624,138101647,1,1,100,0,,,,,12490H10,NDX,9999.0,1,32768,,A,,NASDAQ 100 INDEX,I,E,,0.810958904109589
1926382,102480,2021-08-26,NDX 220617C15700000,1,2022-06-17,2021-07-07,C,15700000,937.5,957.5,0,2,0.213516,0.468795,0.000135,5423.659,-674.8365,138101647,1,1,100,0,,,,,12490H10,NDX,9999.0,1,32768,,A,,NASDAQ 100 INDEX,I,E,,0.8082191780821918
1941618,102480,2021-08-27,NDX 220617C15700000,1,2022-06-17,2021-07-07,C,15700000,984.0,1016.7,0,2,0.210073,0.487999,0.000136,5481.829,-670.4856,138101647,1,1,100,0,,,,,12490H10,NDX,9999.0,1,32768,,A,,NASDAQ 100 INDEX,I,E,,0.8054794520547945
1957406,102480,2021-08-30,NDX 220617C15700000,1,2022-06-17,2021-08-30,C,15700000,1088.6,1117.4,2,2,0.214096,0.512341,0.000133,5512.204,-692.9622,138101647,1,1,100,0,,,,,12490H10,NDX,9999.0,1,32768,,A,,NASDAQ 100 INDEX,I,E,,0.7972602739726027
1972608,102480,2021-08-31,NDX 220617C15700000,1,2022-06-17,2021-08-30,C,15700000,1077.1,1114.4,0,4,0.21522,0.509604,0.000133,5496.282,-697.6191,138101647,1,1,100,0,,,,,12490H10,NDX,9999.0,1,32768,,A,,NASDAQ 100 INDEX,I,E,,0.7945205479452054
1987836,102480,2021-09-01,NDX 220617C15700000,1,2022-06-17,2021-08-30,C,15700000,1103.5,1130.9,0,4,0.216751,0.513852,0.000132,5494.975,-704.9634,138101647,1,1,100,0,,,,,12490H10,NDX,9999.0,1,32768,,A,,NASDAQ 100 INDEX,I,E,,0.7917808219178082
2003066,102480,2021-09-02,NDX 220617C15700000,1,2022-06-17,2021-08-30,C,15700000,1102.9,1127.2,0,4,0.21737,0.513046,0.000132,5483.569,-708.4643,138101647,1,1,100,0,,,,,12490H10,NDX,9999.0,1,32768,,A,,NASDAQ 100 INDEX,I,E,,0.7890410958904109
2017584,102480,2021-09-03,NDX 220617C15700000,1,2022-06-17,2021-08-30,C,15700000,1136.6,1163.1,0,4,0.219478,0.519937,0.00013,5486.576,-718.175,138101647,1,1,100,0,,,,,12490H10,NDX,9999.0,1,32768,,A,,NASDAQ 100 INDEX,I,E,,0.7863013698630137
2034114,102480,2021-09-07,NDX 220617C15700000,1,2022-06-17,2021-08-30,C,15700000,1165.4,1198.3,0,4,0.224572,0.523962,0.000128,5453.189,-742.0509,138101647,1,1,100,0,,,,,12490H10,NDX,9999.0,1,32768,,A,,NASDAQ 100 INDEX,I,E,,0.7753424657534247
2049870,102480,2021-09-08,NDX 220617C15700000,1,2022-06-17,2021-08-30,C,15700000,1131.0,1163.8,0,4,0.223845,0.516706,0.000129,5430.439,-740.025,138101647,1,1,100,0,,,,,12490H10,NDX,9999.0,1,32768,,A,,NASDAQ 100 INDEX,I,E,,0.7726027397260274
2064974,102480,2021-09-09,NDX 220617C15700000,1,2022-06-17,2021-08-30,C,15700000,1108.0,1142.2,0,4,0.225757,0.509472,0.000129,5404.132,-746.702,138101647,1,1,100,0,,,,,12490H10,NDX,9999.0,1,32768,,A,,NASDAQ 100 INDEX,I,E,,0.7698630136986301
2080914,102480,2021-09-10,NDX 220617C15700000,1,2022-06-17,2021-08-30,C,15700000,1050.6,1087.8,0,4,0.226994,0.494206,0.000129,5355.303,-748.3357,138101647,1,1,100,0,,,,,12490H10,NDX,9999.0,1,32768,,A,,NASDAQ 100 INDEX,I,E,,0.7671232876712328
2097418,102480,2021-09-13,NDX 220617C15700000,1,2022-06-17,2021-08-30,C,15700000,1035.5,1059.2,0,4,0.224618,0.492229,0.000132,5324.37,-744.2714,138101647,1,1,100,0,,,,,12490H10,NDX,9999.0,1,32768,,A,,NASDAQ 100 INDEX,I,E,,0.7589041095890411
2113052,102480,2021-09-14,NDX 220617C15700000,1,2022-06-17,2021-08-30,C,15700000,1011.7,1034.2,0,4,0.225151,0.485533,0.000132,5295.202,-745.5137,138101647,1,1,100,0,,,,,12490H10,NDX,9999.0,1,32768,,A,,NASDAQ 100 INDEX,I,E,,0.7561643835616438
2127974,102480,2021-09-15,NDX 220617C15700000,1,2022-06-17,2021-08-30,C,15700000,1048.2,1072.3,0,4,0.221294,0.500154,0.000133,5329.394,-738.6094,138101647,1,1,100,0,,,,,12490H10,NDX,9999.0,1,32768,,A,,NASDAQ 100 INDEX,I,E,,0.7534246575342466
2142900,102480,2021-09-16,NDX 220617C15700000,1,2022-06-17,2021-08-30,C,15700000,1044.4,1067.7,0,4,0.219663,0.50129,0.000135,5324.019,-735.1697,138101647,1,1,100,0,,,,,12490H10,NDX,9999.0,1,32768,,A,,NASDAQ 100 INDEX,I,E,,0.7506849315068493
2157636,102480,2021-09-17,NDX 220617C15700000,1,2022-06-17,2021-08-30,C,15700000,960.1,982.1,0,4,0.220818,0.477032,0.000136,5245.429,-733.594,138101647,1,1,100,0,,,,,12490H10,NDX,9999.0,1,32768,,A,,NASDAQ 100 INDEX,I,E,,0.7479452054794521
2172432,102480,2021-09-20,NDX 220617C15700000,1,2022-06-17,2021-08-30,C,15700000,822.0,857.5,0,4,0.224897,0.43517,0.000135,5051.289,-732.0861,138101647,1,1,100,0,,,,,12490H10,NDX,9999.0,1,32768,,A,,NASDAQ 100 INDEX,I,E,,0.7397260273972602
2187910,102480,2021-09-21,NDX 220617C15700000,1,2022-06-17,2021-08-30,C,15700000,840.9,861.5,0,4,0.226105,0.438,0.000135,5053.17,-739.872,138101647,1,1,100,0,,,,,12490H10,NDX,9999.0,1,32768,,A,,NASDAQ 100 INDEX,I,E,,0.736986301369863
2202996,102480,2021-09-22,NDX 220617C15700000,1,2022-06-17,2021-08-30,C,15700000,856.7,884.8,0,4,0.217303,0.453235,0.00014,5119.653,-720.654,138101647,1,1,100,0,,,,,12490H10,NDX,9999.0,1,32768,,A,,NASDAQ 100 INDEX,I,E,,0.7342465753424657
2218090,102480,2021-09-23,NDX 220617C15700000,1,2022-06-17,2021-08-30,C,15700000,914.1,940.0,0,4,0.215975,0.472144,0.00014,5179.035,-726.0292,138101647,1,1,100,0,,,,,12490H10,NDX,9999.0,1,32768,,A,,NASDAQ 100 INDEX,I,E,,0.7315068493150685
2232706,102480,2021-09-24,NDX 220617C15700000,1,2022-06-17,2021-08-30,C,15700000,918.4,937.1,0,4,0.215276,0.473571,0.000141,5175.098,-725.8482,138101647,1,1,100,0,,,,,12490H10,NDX,9999.0,1,32768,,A,,NASDAQ 100 INDEX,I,E,,0.7287671232876712
2249372,102480,2021-09-27,NDX 220617C15700000,1,2022-06-17,2021-08-30,C,15700000,855.0,872.8,0,4,0.215274,0.455455,0.000142,5084.735,-723.1742,138101647,1,1,100,0,,,,,12490H10,NDX,9999.0,1,32768,,A,,NASDAQ 100 INDEX,I,E,,0.7205479452054795
2265190,102480,2021-09-28,NDX 220617C15700000,1,2022-06-17,2021-08-30,C,15700000,683.3,714.6,0,4,0.219746,0.396693,0.00014,4797.144,-703.8262,138101647,1,1,100,0,,,,,12490H10,NDX,9999.0,1,32768,,A,,NASDAQ 100 INDEX,I,E,,0.7178082191780822
2280280,102480,2021-09-29,NDX 220617C15700000,1,2022-06-17,2021-08-30,C,15700000,665.7,693.5,0,4,0.217503,0.392263,0.000141,4767.993,-695.3118,138101647,1,1,100,0,,,,,12490H10,NDX,9999.0,1,32768,,A,,NASDAQ 100 INDEX,I,E,,0.7150684931506849
2295398,102480,2021-09-30,NDX 220617C15700000,1,2022-06-17,2021-08-30,C,15700000,654.4,686.6,0,4,0.221349,0.385838,0.000139,4716.141,-702.4954,138101647,1,1,100,0,,,,,12490H10,NDX,9999.0,1,32768,,A,,NASDAQ 100 INDEX,I,E,,0.7123287671232876
2307665,102480,2021-10-01,NDX 220617C15700000,1,2022-06-17,2021-08-30,C,15700000,666.2,697.5,0,4,0.215662,0.395553,0.000143,4772.903,-694.4129,138101647,1,1,100,0,,,,,12490H10,NDX,9999.0,1,32768,,A,,NASDAQ 100 INDEX,I,E,,0.7095890410958904
2324618,102480,2021-10-04,NDX 220617C15700000,1,2022-06-17,2021-08-30,C,15700000,550.0,576.5,0,4,0.217057,0.350256,0.000141,4467.584,-664.5337,138101647,1,1,100,0,,,,,12490H10,NDX,9999.0,1,32768,,A,,NASDAQ 100 INDEX,I,E,,0.7013698630136986
2340673,102480,2021-10-05,NDX 220617C15700000,1,2022-06-17,2021-08-30,C,15700000,623.6,639.2,0,4,0.216256,0.377909,0.000143,4637.2,-688.4183,138101647,1,1,100,0,,,,,12490H10,NDX,9999.0,1,32768,,A,,NASDAQ 100 INDEX,I,E,,0.6986301369863014
2356002,102480,2021-10-06,NDX 220617C15700000,1,2022-06-17,2021-08-30,C,15700000,661.1,674.4,0,4,0.216784,0.39138,0.000144,4705.102,-702.5284,138101647,1,1,100,0,,,,,12490H10,NDX,9999.0,1,32768,,A,,NASDAQ 100 INDEX,I,E,,0.6958904109589041
2371332,102480,2021-10-07,NDX 220617C15700000,1,2022-06-17,2021-08-30,C,15700000,690.4,712.6,0,4,0.213344,0.407343,0.000146,4786.799,-704.6056,138101647,1,1,100,0,,,,,12490H10,NDX,9999.0,1,32768,,A,,NASDAQ 100 INDEX,I,E,,0.6931506849315069
2386845,102480,2021-10-08,NDX 220617C15700000,1,2022-06-17,2021-08-30,C,15700000,659.6,687.7,0,4,0.214294,0.396729,0.000146,4721.153,-702.1125,138101647,1,1,100,0,,,,,12490H10,NDX,9999.0,1,32768,,A,,NASDAQ 100 INDEX,I,E,,0.6904109589041096
2403492,102480,2021-10-11,NDX 220617C15700000,1,2022-06-17,2021-08-30,C,15700000,610.3,627.9,0,4,0.212734,0.378829,0.000147,4598.295,-688.0382,138101647,1,1,100,0,,,,,12490H10,NDX,9999.0,1,32768,,A,,NASDAQ 100 INDEX,I,E,,0.6821917808219178
2419191,102480,2021-10-12,NDX 220617C15700000,1,2022-06-17,2021-08-30,C,15700000,578.9,601.0,0,4,0.210953,0.369401,0.000148,4536.98,-676.5078,138101647,1,1,100,0,,,,,12490H10,NDX,9999.0,1,32768,,A,,NASDAQ 100 INDEX,I,E,,0.6794520547945205
2434134,102480,2021-10-13,NDX 220617C15700000,1,2022-06-17,2021-08-30,C,15700000,595.5,608.8,0,4,0.204714,0.380657,0.000153,4605.503,-668.2049,138101647,1,1,100,0,,,,,12490H10,NDX,9999.0,1,32768,,A,,NASDAQ 100 INDEX,I,E,,0.6767123287671233
2449118,102480,2021-10-14,NDX 220617C15700000,1,2022-06-17,2021-08-30,C,15700000,686.3,711.6,0,4,0.202054,0.421224,0.000156,4805.757,-687.7974,138101647,1,1,100,0,,,,,12490H10,NDX,9999.0,1,32768,,A,,NASDAQ 100 INDEX,I,E,,0.673972602739726
2463313,102480,2021-10-15,NDX 220617C15700000,1,2022-06-17,2021-08-30,C,15700000,741.3,759.8,0,4,0.204553,0.437684,0.000155,4861.346,-707.8852,138101647,1,1,100,0,,,,,12490H10,NDX,9999.0,1,32768,,A,,NASDAQ 100 INDEX,I,E,,0.6712328767123288
2478635,102480,2021-10-18,NDX 220617C15700000,1,2022-06-17,2021-08-30,C,15700000,830.3,851.8,0,4,0.20999,0.463856,0.000152,4919.266,-744.4731,138101647,1,1,100,0,,,,,12490H10,NDX,9999.0,1,32768,,A,,NASDAQ 100 INDEX,I,E,,0.663013698630137
2493968,102480,2021-10-19,NDX 220617C15700000,1,2022-06-17,2021-08-30,C,15700000,872.8,892.5,0,4,0.208339,0.479657,0.000152,4957.33,-745.9858,138101647,1,1,100,0,,,,,12490H10,NDX,9999.0,1,32768,,A,,NASDAQ 100 INDEX,I,E,,0.6602739726027397
2508578,102480,2021-10-20,NDX 220617C15700000,1,2022-06-17,2021-08-30,C,15700000,863.5,876.6,0,4,0.208351,0.476132,0.000153,4937.907,-746.4362,138101647,1,1,100,0,,,,,12490H10,NDX,9999.0,1,32768,,A,,NASDAQ 100 INDEX,I,E,,0.6575342465753424
2523174,102480,2021-10-21,NDX 220617C15700000,1,2022-06-17,2021-08-30,C,15700000,925.3,937.6,0,4,0.211115,0.49269,0.00015,4967.039,-764.6576,138101647,1,1,100,0,,,,,12490H10,NDX,9999.0,1,32768,,A,,NASDAQ 100 INDEX,I,E,,0.6547945205479452
2538063,102480,2021-10-22,NDX 220617C15700000,1,2022-06-17,2021-08-30,C,15700000,847.4,872.8,0,4,0.210091,0.472026,0.000152,4903.798,-756.9581,138101647,1,1,100,0,,,,,12490H10,NDX,9999.0,1,32768,,A,,NASDAQ 100 INDEX,I,E,,0.6520547945205479
2553555,102480,2021-10-25,NDX 220617C15700000,1,2022-06-17,2021-08-30,C,15700000,914.5,932.9,0,4,0.208698,0.495334,0.000153,4933.874,-764.0743,138101647,1,1,100,0,,,,,12490H10,NDX,9999.0,1,32768,,A,,NASDAQ 100 INDEX,I,E,,0.6438356164383562
2568147,102480,2021-10-26,NDX 220617C15700000,1,2022-06-17,2021-08-30,C,15700000,962.8,977.1,0,4,0.213851,0.503792,0.000149,4937.411,-787.6843,138101647,1,1,100,0,,,,,12490H10,NDX,9999.0,1,32768,,A,,NASDAQ 100 INDEX,I,E,,0.6410958904109589
2581991,102480,2021-10-27,NDX 220617C15700000,1,2022-06-17,2021-08-30,C,15700000,1001.8,1021.9,0,4,0.218654,0.510976,0.000146,4937.195,-810.1526,138101647,1,1,100,0,,,,,12490H10,NDX,9999.0,1,32768,,A,,NASDAQ 100 INDEX,I,E,,0.6383561643835617
2597881,102480,2021-10-28,NDX 220617C15700000,1,2022-06-17,2021-08-30,C,15700000,1095.7,1120.4,0,4,0.219415,0.537245,0.000144,4961.664,-819.2042,138101647,1,1,100,0,,,,,12490H10,NDX,9999.0,1,32768,,A,,NASDAQ 100 INDEX,I,E,,0.6356164383561644
2613307,102480,2021-10-29,NDX 220617C15700000,1,2022-06-17,2021-08-30,C,15700000,1146.9,1166.8,0,4,0.221669,0.547979,0.000141,4958.659,-831.2599,138101647,1,1,100,0,,,,,12490H10,NDX,9999.0,1,32768,,A,,NASDAQ 100 INDEX,I,E,,0.6328767123287671
2631220,102480,2021-11-01,NDX 220617C15700000,1,2022-06-17,2021-08-30,C,15700000,1156.3,1176.4,0,4,0.218682,0.555841,0.000143,4930.244,-826.5272,138101647,1,1,100,0,,,,,12490H10,NDX,9999.0,1,32768,,A,,NASDAQ 100 INDEX,I,E,,0.6246575342465753
2646796,102480,2021-11-02,NDX 220617C15700000,1,2022-06-17,2021-08-30,C,15700000,1201.5,1219.1,0,4,0.220487,0.565379,0.000141,4921.369,-834.4931,138101647,1,1,100,0,,,,,12490H10,NDX,9999.0,1,32768,,A,,NASDAQ 100 INDEX,I,E,,0.6219178082191781
2661616,102480,2021-11-03,NDX 220617C15700000,1,2022-06-17,2021-08-30,C,15700000,1306.9,1326.6,0,4,0.222447,0.58925,0.000137,4902.788,-840.1959,138101647,1,1,100,0,,,,,12490H10,NDX,9999.0,1,32768,,A,,NASDAQ 100 INDEX,I,E,,0.6191780821917808
2676774,102480,2021-11-04,NDX 220617C15700000,1,2022-06-17,2021-08-30,C,15700000,1459.9,1485.2,0,4,0.230196,0.614727,0.000129,4866.479,-863.5883,138101647,1,1,100,0,,,,,12490H10,NDX,9999.0,1,32768,,A,,NASDAQ 100 INDEX,I,E,,0.6164383561643836
2691230,102480,2021-11-05,NDX 220617C15700000,1,2022-06-17,2021-08-30,C,15700000,1505.1,1530.8,0,4,0.238314,0.61508,0.000125,4858.5,-898.732,138101647,1,1,100,0,,,,,12490H10,NDX,9999.0,1,32768,,A,,NASDAQ 100 INDEX,I,E,,0.6136986301369863
2707924,102480,2021-11-08,NDX 220617C15700000,1,2022-06-17,2021-08-30,C,15700000,1499.3,1514.3,0,4,0.240443,0.612275,0.000125,4830.027,-915.3781,138101647,1,1,100,0,,,,,12490H10,NDX,9999.0,1,32768,,A,,NASDAQ 100 INDEX,I,E,,0.6054794520547945
2723694,102480,2021-11-09,NDX 220617C15700000,1,2022-06-17,2021-08-30,C,15700000,1421.6,1444.7,0,4,0.240275,0.597745,0.000127,4834.789,-921.4489,138101647,1,1,100,0,,,,,12490H10,NDX,9999.0,1,32768,,A,,NASDAQ 100 INDEX,I,E,,0.6027397260273972
2738712,102480,2021-11-10,NDX 220617C15700000,1,2022-06-17,2021-08-30,C,15700000,1275.6,1294.8,0,4,0.238184,0.567725,0.000133,4834.017,-922.4609,138101647,1,1,100,0,,,,,12490H10,NDX,9999.0,1,32768,,A,,NASDAQ 100 INDEX,I,E,,0.6
2753742,102480,2021-11-11,NDX 220617C15700000,1,2022-06-17,2021-08-30,C,15700000,1284.7,1299.8,0,4,0.23447,0.574245,0.000135,4822.356,-910.1389,138101647,1,1,100,0,,,,,12490H10,NDX,9999.0,1,32768,,A,,NASDAQ 100 INDEX,I,E,,0.5972602739726027
2768308,102480,2021-11-12,NDX 220617C15700000,1,2022-06-17,2021-08-30,C,15700000,1383.4,1399.4,0,4,0.235152,0.59663,0.000131,4799.682,-911.2982,138101647,1,1,100,0,,,,,12490H10,NDX,9999.0,1,32768,,A,,NASDAQ 100 INDEX,I,E,,0.5945205479452055
2784158,102480,2021-11-15,NDX 220617C15700000,1,2022-06-17,2021-08-30,C,15700000,1387.1,1400.6,0,4,0.238651,0.595043,0.000131,4768.228,-932.3077,138101647,1,1,100,0,,,,,12490H10,NDX,9999.0,1,32768,,A,,NASDAQ 100 INDEX,I,E,,0.5863013698630137
2799028,102480,2021-11-16,NDX 220617C15700000,1,2022-06-17,2021-08-30,C,15700000,1459.3,1476.8,0,4,0.239462,0.610695,0.000128,4740.682,-933.3198,138101647,1,1,100,0,,,,,12490H10,NDX,9999.0,1,32768,,A,,NASDAQ 100 INDEX,I,E,,0.5835616438356165
2813206,102480,2021-11-17,NDX 220617C15700000,1,2022-06-17,2021-08-30,C,15700000,1465.4,1484.1,0,4,0.241673,0.610206,0.000127,4730.949,-944.7235,138101647,1,1,100,0,,,,,12490H10,NDX,9999.0,1,32768,,A,,NASDAQ 100 INDEX,I,E,,0.5808219178082191
2827392,102480,2021-11-18,NDX 220617C15700000,1,2022-06-17,2021-08-30,C,15700000,1584.9,1605.2,0,4,0.244747,0.631542,0.000123,4686.696,-950.1641,138101647,1,1,100,0,,,,,12490H10,NDX,9999.0,1,32768,,A,,NASDAQ 100 INDEX,I,E,,0.5780821917808219
2839844,102480,2021-11-19,NDX 220617C15700000,1,2022-06-17,2021-08-30,C,15700000,1664.9,1684.4,0,4,0.249831,0.641544,0.000119,4656.888,-969.8021,138101647,1,1,100,0,,,,,12490H10,NDX,9999.0,1,32768,,A,,NASDAQ 100 INDEX,I,E,,0.5753424657534246
2854162,102480,2021-11-22,NDX 220617C15700000,1,2022-06-17,2021-08-30,C,15700000,1550.5,1580.7,0,4,0.253814,0.618473,0.000121,4666.266,-1008.317,138101647,1,1,100,0,,,,,12490H10,NDX,9999.0,1,32768,,A,,NASDAQ 100 INDEX,I,E,,0.5671232876712329
2868682,102480,2021-11-23,NDX 220617C15700000,1,2022-06-17,2021-08-30,C,15700000,1500.2,1520.8,0,4,0.252303,0.609815,0.000124,4665.287,-1008.333,138101647,1,1,100,0,,,,,12490H10,NDX,9999.0,1,32768,,A,,NASDAQ 100 INDEX,I,E,,0.5643835616438356
2882752,102480,2021-11-24,NDX 220617C15700000,1,2022-06-17,2021-08-30,C,15700000,1542.0,1560.5,0,4,0.253452,0.617447,0.000122,4644.054,-1013.987,138101647,1,1,100,0,,,,,12490H10,NDX,9999.0,1,32768,,A,,NASDAQ 100 INDEX,I,E,,0.5616438356164384
2897738,102480,2021-11-26,NDX 220617C15700000,1,2022-06-17,2021-08-30,C,15700000,1398.4,1446.8,0,4,0.271209,0.574202,0.000121,4652.695,-1101.588,138101647,1,1,100,0,,,,,12490H10,NDX,9999.0,1,32768,,A,,NASDAQ 100 INDEX,I,E,,0.5561643835616439
2912754,102480,2021-11-29,NDX 220617C15700000,1,2022-06-17,2021-08-30,C,15700000,1562.0,1580.7,0,4,0.257059,0.620901,0.000122,4583.258,-1037.613,138101647,1,1,100,0,,,,,12490H10,NDX,9999.0,1,32768,,A,,NASDAQ 100 INDEX,I,E,,0.547945205479452
2926866,102480,2021-11-30,NDX 220617C15700000,1,2022-06-17,2021-08-30,C,15700000,1444.0,1468.8,0,4,0.267088,0.588029,0.000122,4604.36,-1095.36,138101647,1,1,100,0,,,,,12490H10,NDX,9999.0,1,32768,,A,,NASDAQ 100 INDEX,I,E,,0.5452054794520548
2940418,102480,2021-12-01,NDX 220617C15700000,1,2022-06-17,2021-08-30,C,15700000,1318.0,1341.2,0,4,0.272277,0.556398,0.000124,4588.236,-1122.102,138101647,1,1,100,0,,,,,12490H10,NDX,9999.0,1,32768,,A,,NASDAQ 100 INDEX,I,E,,0.5424657534246575
2954100,102480,2021-12-02,NDX 220617C15700000,1,2022-06-17,2021-08-30,C,15700000,1342.1,1359.5,0,4,0.26363,0.570193,0.000127,4582.649,-1089.028,138101647,1,1,100,0,,,,,12490H10,NDX,9999.0,1,32768,,A,,NASDAQ 100 INDEX,I,E,,0.5397260273972603
2967082,102480,2021-12-03,NDX 220617C15700000,1,2022-06-17,2021-08-30,C,15700000,1251.3,1281.9,0,4,0.279724,0.536616,0.000123,4544.897,-1155.785,138101647,1,1,100,0,,,,,12490H10,NDX,9999.0,1,32768,,A,,NASDAQ 100 INDEX,I,E,,0.536986301369863
2980840,102480,2021-12-06,NDX 220617C15700000,1,2022-06-17,2021-08-30,C,15700000,1278.0,1295.7,0,4,0.270156,0.552068,0.000127,4527.905,-1127.58,138101647,1,1,100,0,,,,,12490H10,NDX,9999.0,1,32768,,A,,NASDAQ 100 INDEX,I,E,,0.5287671232876713
2995442,102480,2021-12-07,NDX 220617C15700000,1,2022-06-17,2021-08-30,C,15700000,1498.2,1522.7,0,4,0.258407,0.613093,0.000125,4498.743,-1071.489,138101647,1,1,100,0,,,,,12490H10,NDX,9999.0,1,32768,,A,,NASDAQ 100 INDEX,I,E,,0.5260273972602739
3009768,102480,2021-12-08,NDX 220617C15700000,1,2022-06-17,2021-08-30,C,15700000,1554.6,1570.8,0,4,0.258588,0.624541,0.000123,4464.232,-1091.635,138101647,1,1,100,0,,,,,12490H10,NDX,9999.0,1,32768,,A,,NASDAQ 100 INDEX,I,E,,0.5232876712328767
3024094,102480,2021-12-09,NDX 220617C15700000,1,2022-06-17,2021-08-30,C,15700000,1411.9,1427.5,0,4,0.260596,0.593685,0.000128,4487.346,-1113.567,138101647,1,1,100,0,,,,,12490H10,NDX,9999.0,1,32768,,A,,NASDAQ 100 INDEX,I,E,,0.5205479452054794
3039454,102480,2021-12-10,NDX 220617C15700000,1,2022-06-17,2021-08-30,C,15700000,1494.0,1511.6,0,4,0.255131,0.617731,0.000127,4449.012,-1085.534,138101647,1,1,100,0,,,,,12490H10,NDX,9999.0,1,32768,,A,,NASDAQ 100 INDEX,I,E,,0.5178082191780822
3055588,102480,2021-12-13,NDX 220617C15700000,1,2022-06-17,2021-08-30,C,15700000,1352.8,1366.7,0,4,0.258747,0.585407,0.000131,4443.439,-1119.174,138101647,1,1,100,0,,,,,12490H10,NDX,9999.0,1,32768,,A,,NASDAQ 100 INDEX,I,E,,0.5095890410958904
3070788,102480,2021-12-14,NDX 220617C15700000,1,2022-06-17,2021-08-30,C,15700000,1239.3,1255.9,0,4,0.255847,0.56313,0.000136,4433.617,-1111.19,138101647,1,1,100,0,,,,,12490H10,NDX,9999.0,1,32768,,A,,NASDAQ 100 INDEX,I,E,,0.5068493150684932
3085190,102480,2021-12-15,NDX 220617C15700000,1,2022-06-17,2021-08-30,C,15700000,1444.5,1470.6,0,4,0.254157,0.613152,0.00013,4394.223,-1097.957,138101647,1,1,100,0,,,,,12490H10,NDX,9999.0,1,32768,,A,,NASDAQ 100 INDEX,I,E,,0.5041095890410959
3099592,102480,2021-12-16,NDX 220617C15700000,1,2022-06-17,2021-08-30,C,15700000,1201.9,1227.6,0,4,0.256169,0.556267,0.000137,4407.475,-1119.275,138101647,1,1,100,0,,,,,12490H10,NDX,9999.0,1,32768,,A,,NASDAQ 100 INDEX,I,E,,0.5013698630136987
3111844,102480,2021-12-17,NDX 220617C15700000,1,2022-06-17,2021-08-30,C,15700000,1179.1,1199.2,0,4,0.258837,0.54793,0.000137,4390.81,-1133.778,138101647,1,1,100,0,,,,,12490H10,NDX,9999.0,1,32768,,A,,NASDAQ 100 INDEX,I,E,,0.4986301369863014
3124740,102480,2021-12-20,NDX 220617C15700000,1,2022-06-17,2021-12-20,C,15700000,1076.6,1095.4,200,4,0.258654,0.523558,0.000141,4331.61,-1137.69,138101647,1,1,100,0,,,,,12490H10,NDX,9999.0,1,32768,,A,,NASDAQ 100 INDEX,I,E,,0.4904109589041096
3140044,102480,2021-12-21,NDX 220617C15700000,1,2022-06-17,2021-12-20,C,15700000,1245.1,1263.2,0,200,0.252764,0.573266,0.000139,4348.934,-1121.26,138101647,1,1,100,0,,,,,12490H10,NDX,9999.0,1,32768,,A,,NASDAQ 100 INDEX,I,E,,0.4876712328767123
3154770,102480,2021-12-22,NDX 220617C15700000,1,2022-06-17,2021-12-22,C,15700000,1340.0,1359.8,78,200,0.249284,0.60041,0.000137,4320.914,-1104.19,138101647,1,1,100,0,,,,,12490H10,NDX,9999.0,1,32768,,A,,NASDAQ 100 INDEX,I,E,,0.4849315068493151
3169648,102480,2021-12-23,NDX 220617C15700000,1,2022-06-17,2021-12-22,C,15700000,1423.5,1445.1,0,137,0.251443,0.617587,0.000134,4288.381,-1111.394,138101647,1,1,100,0,,,,,12490H10,NDX,9999.0,1,32768,,A,,NASDAQ 100 INDEX,I,E,,0.4821917808219178
3184024,102480,2021-12-27,NDX 220617C15700000,1,2022-06-17,2021-12-27,C,15700000,1581.1,1599.3,122,137,0.252246,0.652225,0.000129,4169.45,-1108.151,138101647,1,1,100,0,,,,,12490H10,NDX,9999.0,1,32768,,A,,NASDAQ 100 INDEX,I,E,,0.4712328767123288
3199862,102480,2021-12-28,NDX 220617C15700000,1,2022-06-17,2021-12-27,C,15700000,1522.8,1537.1,0,55,0.250789,0.642648,0.000132,4178.896,-1111.052,138101647,1,1,100,0,,,,,12490H10,NDX,9999.0,1,32768,,A,,NASDAQ 100 INDEX,I,E,,0.4684931506849315
3215156,102480,2021-12-29,NDX 220617C15700000,1,2022-06-17,2021-12-27,C,15700000,1532.7,1543.9,0,55,0.253213,0.642425,0.000131,4168.187,-1125.213,138101647,1,1,100,0,,,,,12490H10,NDX,9999.0,1,32768,,A,,NASDAQ 100 INDEX,I,E,,0.4657534246575342
3230586,102480,2021-12-30,NDX 220617C15700000,1,2022-06-17,2021-12-27,C,15700000,1468.8,1483.0,0,55,0.248312,0.635992,0.000135,4166.666,-1111.263,138101647,1,1,100,0,,,,,12490H10,NDX,9999.0,1,32768,,A,,NASDAQ 100 INDEX,I,E,,0.46301369863013697
3245602,102480,2021-12-31,NDX 220617C15700000,1,2022-06-17,2021-12-27,C,15700000,1393.0,1410.5,0,55,0.247794,0.621305,0.000138,4180.615,-1119.123,138101647,1,1,100,0,,,,,12490H10,NDX,9999.0,1,32768,,A,,NASDAQ 100 INDEX,I,E,,0.4602739726027397
3292292,102480,2022-01-03,NDX 220617C15700000,1,2022-06-17,2021-12-27,C,15700000,1481.1,1494.6,0,55,0.243068,0.648202,0.000137,4085.106,-1089.902,138101647,1,1,100,0,,,,,12490H10,NDX,9999.0,1,32768,,A,,NASDAQ 100 INDEX,I,E,,0.4520547945205479
3308274,102480,2022-01-04,NDX 220617C15700000,1,2022-06-17,2021-12-27,C,15700000,1353.1,1368.5,0,55,0.247058,0.616355,0.000141,4136.763,-1130.306,138101647,1,1,100,0,,,,,12490H10,NDX,9999.0,1,32768,,A,,NASDAQ 100 INDEX,I,E,,0.44931506849315067
3323534,102480,2022-01-05,NDX 220617C15700000,1,2022-06-17,2021-12-27,C,15700000,1073.0,1084.5,0,55,0.250809,0.541898,0.00015,4155.203,-1162.216,138101647,1,1,100,0,,,,,12490H10,NDX,9999.0,1,32768,,A,,NASDAQ 100 INDEX,I,E,,0.4465753424657534
3339120,102480,2022-01-06,NDX 220617C15700000,1,2022-06-17,2021-12-27,C,15700000,1041.4,1061.5,0,55,0.245896,0.540315,0.000154,4142.413,-1142.33,138101647,1,1,100,0,,,,,12490H10,NDX,9999.0,1,32768,,A,,NASDAQ 100 INDEX,I,E,,0.4438356164383562
3355180,102480,2022-01-07,NDX 220617C15700000,1,2022-06-17,2021-12-27,C,15700000,937.9,954.5,0,55,0.243299,0.51273,0.000158,4104.211,-1127.144,138101647,1,1,100,0,,,,,12490H10,NDX,9999.0,1,32768,,A,,NASDAQ 100 INDEX,I,E,,0.4410958904109589
3371356,102480,2022-01-10,NDX 220617C15700000,1,2022-06-17,2021-12-27,C,15700000,928.6,941.2,0,55,0.239967,0.51527,0.000162,4070.618,-1123.99,138101647,1,1,100,0,,,,,12490H10,NDX,9999.0,1,32768,,A,,NASDAQ 100 INDEX,I,E,,0.4328767123287671
3388012,102480,2022-01-11,NDX 220617C15700000,1,2022-06-17,2021-12-27,C,15700000,1025.6,1036.3,0,55,0.234097,0.552,0.000163,4084.061,-1107.158,138101647,1,1,100,0,,,,,12490H10,NDX,9999.0,1,32768,,A,,NASDAQ 100 INDEX,I,E,,0.4301369863013699
3403850,102480,2022-01-12,NDX 220617C15700000,1,2022-06-17,2021-12-27,C,15700000,1052.6,1069.8,0,55,0.233955,0.561866,0.000162,4071.551,-1109.732,138101647,1,1,100,0,,,,,12490H10,NDX,9999.0,1,32768,,A,,NASDAQ 100 INDEX,I,E,,0.4273972602739726
3419788,102480,2022-01-13,NDX 220617C15700000,1,2022-06-17,2021-12-27,C,15700000,856.2,873.1,0,55,0.23967,0.495389,0.000165,4004.462,-1127.135,138101647,1,1,100,0,,,,,12490H10,NDX,9999.0,1,32768,,A,,NASDAQ 100 INDEX,I,E,,0.4246575342465753
3436504,102480,2022-01-14,NDX 220617C15700000,1,2022-06-17,2021-12-27,C,15700000,907.4,925.3,0,55,0.238734,0.51413,0.000165,4018.481,-1133.587,138101647,1,1,100,0,,,,,12490H10,NDX,9999.0,1,32768,,A,,NASDAQ 100 INDEX,I,E,,0.42191780821917807
3453502,102480,2022-01-18,NDX 220617C15700000,1,2022-06-17,2021-12-27,C,15700000,721.9,737.5,0,55,0.24348,0.448089,0.000167,3835.658,-1135.023,138101647,1,1,100,0,,,,,12490H10,NDX,9999.0,1,32768,,A,,NASDAQ 100 INDEX,I,E,,0.410958904109589
3469992,102480,2022-01-19,NDX 220617C15700000,1,2022-06-17,2021-12-27,C,15700000,630.9,646.5,0,55,0.238901,0.417807,0.00017,3733.677,-1091.798,138101647,1,1,100,0,,,,,12490H10,NDX,9999.0,1,32768,,A,,NASDAQ 100 INDEX,I,E,,0.40821917808219177
3485878,102480,2022-01-20,NDX 220617C15700000,1,2022-06-17,2021-12-27,C,15700000,549.8,564.9,0,55,0.239544,0.38351,0.000169,3590.809,-1060.484,138101647,1,1,100,0,,,,,12490H10,NDX,9999.0,1,32768,,A,,NASDAQ 100 INDEX,I,E,,0.4054794520547945
3499776,102480,2022-01-21,NDX 220617C15700000,1,2022-06-17,2021-12-27,C,15700000,442.8,462.2,0,55,0.252262,0.325922,0.000156,3284.912,-1026.924,138101647,1,1,100,0,,,,,12490H10,NDX,9999.0,1,32768,,A,,NASDAQ 100 INDEX,I,E,,0.40273972602739727
3515462,102480,2022-01-24,NDX 220617C15700000,1,2022-06-17,2021-12-27,C,15700000,440.8,459.5,0,55,0.247088,0.330382,0.000161,3284.922,-1026.167,138101647,1,1,100,0,,,,,12490H10,NDX,9999.0,1,32768,,A,,NASDAQ 100 INDEX,I,E,,0.39452054794520547
3532236,102480,2022-01-25,NDX 220617C15700000,1,2022-06-17,2022-01-25,C,15700000,332.0,347.1,1,55,0.24737,0.273187,0.000152,2930.906,-923.8502,138101647,1,1,100,0,,,,,12490H10,NDX,9999.0,1,32768,,A,,NASDAQ 100 INDEX,I,E,,0.3917808219178082
3549904,102480,2022-01-26,NDX 220617C15700000,1,2022-06-17,2022-01-25,C,15700000,317.6,333.1,0,56,0.241197,0.269539,0.000155,2905.972,-899.1475,138101647,1,1,100,0,,,,,12490H10,NDX,9999.0,1,32768,,A,,NASDAQ 100 INDEX,I,E,,0.38904109589041097
3567850,102480,2022-01-27,NDX 220617C15700000,1,2022-06-17,2022-01-25,C,15700000,264.7,276.1,0,56,0.237888,0.239002,0.00015,2686.406,-825.6005,138101647,1,1,100,0,,,,,12490H10,NDX,9999.0,1,32768,,A,,NASDAQ 100 INDEX,I,E,,0.3863013698630137
3584806,102480,2022-01-28,NDX 220617C15700000,1,2022-06-17,2022-01-25,C,15700000,362.9,376.4,0,56,0.230858,0.302949,0.000169,3110.228,-933.1028,138101647,1,1,100,0,,,,,12490H10,NDX,9999.0,1,32768,,A,,NASDAQ 100 INDEX,I,E,,0.3835616438356164
3602054,102480,2022-01-31,NDX 220617C15700000,1,2022-06-17,2022-01-25,C,15700000,521.2,534.3,0,56,0.23177,0.385137,0.000181,3477.146,-1068.544,138101647,1,1,100,0,,,,,12490H10,NDX,9999.0,1,32768,,A,,NASDAQ 100 INDEX,I,E,,0.37534246575342467
3619697,102480,2022-02-01,NDX 220617C15700000,1,2022-06-17,2022-01-25,C,15700000,532.1,543.3,0,56,0.225436,0.396633,0.000187,3513.938,-1057.521,138101647,1,1,100,0,,,,,12490H10,NDX,9999.0,1,32768,,A,,NASDAQ 100 INDEX,I,E,,0.3726027397260274
3637014,102480,2022-02-02,NDX 220617C15700000,1,2022-06-17,2022-01-25,C,15700000,580.4,594.5,0,56,0.226467,0.419291,0.000188,3576.731,-1089.004,138101647,1,1,100,0,,,,,12490H10,NDX,9999.0,1,32768,,A,,NASDAQ 100 INDEX,I,E,,0.3698630136986301
3654534,102480,2022-02-03,NDX 220617C15700000,1,2022-06-17,2022-01-25,C,15700000,385.0,398.7,0,56,0.238527,0.313309,0.000169,3097.503,-1003.718,138101647,1,1,100,0,,,,,12490H10,NDX,9999.0,1,32768,,A,,NASDAQ 100 INDEX,I,E,,0.36712328767123287
3672450,102480,2022-02-04,NDX 220617C15700000,1,2022-06-17,2022-01-25,C,15700000,434.2,445.7,0,56,0.234652,0.342459,0.000177,3241.129,-1039.859,138101647,1,1,100,0,,,,,12490H10,NDX,9999.0,1,32768,,A,,NASDAQ 100 INDEX,I,E,,0.3643835616438356
3691009,102480,2022-02-07,NDX 220617C15700000,1,2022-06-17,2022-01-25,C,15700000,364.1,371.1,0,56,0.227051,0.311309,0.000179,3056.984,-971.9736,138101647,1,1,100,0,,,,,12490H10,NDX,9999.0,1,32768,,A,,NASDAQ 100 INDEX,I,E,,0.3561643835616438
3709172,102480,2022-02-08,NDX 220617C15700000,1,2022-06-17,2022-01-25,C,15700000,406.0,414.5,0,56,0.223292,0.339229,0.000187,3191.75,-1004.988,138101647,1,1,100,0,,,,,12490H10,NDX,9999.0,1,32768,,A,,NASDAQ 100 INDEX,I,E,,0.35342465753424657
3726464,102480,2022-02-09,NDX 220617C15700000,1,2022-06-17,2022-01-25,C,15700000,503.2,513.3,0,56,0.219415,0.395157,0.000197,3413.54,-1062.773,138101647,1,1,100,0,,,,,12490H10,NDX,9999.0,1,32768,,A,,NASDAQ 100 INDEX,I,E,,0.3506849315068493
3743838,102480,2022-02-10,NDX 220617C15700000,1,2022-06-17,2022-01-25,C,15700000,411.0,423.4,0,56,0.23178,0.337309,0.000182,3150.929,-1045.68,138101647,1,1,100,0,,,,,12490H10,NDX,9999.0,1,32768,,A,,NASDAQ 100 INDEX,I,E,,0.34794520547945207
3760444,102480,2022-02-11,NDX 220617C15700000,1,2022-06-17,2022-01-25,C,15700000,288.6,301.4,0,56,0.237299,0.26297,0.000165,2717.787,-931.4437,138101647,1,1,100,0,,,,,12490H10,NDX,9999.0,1,32768,,A,,NASDAQ 100 INDEX,I,E,,0.3452054794520548
3778902,102480,2022-02-14,NDX 220617C15700000,1,2022-06-17,2022-01-25,C,15700000,281.9,289.9,0,56,0.235396,0.260276,0.000167,2673.644,-930.9282,138101647,1,1,100,0,,,,,12490H10,NDX,9999.0,1,32768,,A,,NASDAQ 100 INDEX,I,E,,0.336986301369863
3796303,102480,2022-02-15,NDX 220617C15700000,1,2022-06-17,2022-01-25,C,15700000,348.7,357.1,0,56,0.224494,0.310441,0.000187,2967.118,-992.17,138101647,1,1,100,0,,,,,12490H10,NDX,9999.0,1,32768,,A,,NASDAQ 100 INDEX,I,E,,0.33424657534246577
3813003,102480,2022-02-16,NDX 220617C15700000,1,2022-06-17,2022-01-25,C,15700000,336.3,343.6,0,56,0.222813,0.30467,0.000187,2927.173,-979.6743,138101647,1,1,100,0,,,,,12490H10,NDX,9999.0,1,32768,,A,,NASDAQ 100 INDEX,I,E,,0.3315068493150685
3829703,102480,2022-02-17,NDX 220617C15700000,1,2022-06-17,2022-01-25,C,15700000,226.5,239.2,0,56,0.226847,0.231533,0.000166,2463.222,-847.9248,138101647,1,1,100,0,,,,,12490H10,NDX,9999.0,1,32768,,A,,NASDAQ 100 INDEX,I,E,,0.3287671232876712
3844793,102480,2022-02-18,NDX 220617C15700000,1,2022-06-17,2022-01-25,C,15700000,182.1,189.2,0,56,0.22253,0.199081,0.000157,2221.48,-757.0366,138101647,1,1,100,0,,,,,12490H10,NDX,9999.0,1,32768,,A,,NASDAQ 100 INDEX,I,E,,0.32602739726027397
3859910,102480,2022-02-22,NDX 220617C15700000,1,2022-06-17,2022-01-25,C,15700000,151.9,159.5,0,56,0.22448,0.175599,0.000148,2000.597,-712.4735,138101647,1,1,100,0,,,,,12490H10,NDX,9999.0,1,32768,,A,,NASDAQ 100 INDEX,I,E,,0.3150684931506849
3877372,102480,2022-02-23,NDX 220617C15700000,1,2022-06-17,2022-01-25,C,15700000,106.2,110.9,0,56,0.230008,0.131878,0.000123,1604.63,-591.2032,138101647,1,1,100,0,,,,,12490H10,NDX,9999.0,1,32768,,A,,NASDAQ 100 INDEX,I,E,,0.31232876712328766
3894153,102480,2022-02-24,NDX 220617C15700000,1,2022-06-17,2022-01-25,C,15700000,162.4,169.6,0,56,0.222256,0.186326,0.000156,2073.42,-743.9258,138101647,1,1,100,0,,,,,12490H10,NDX,9999.0,1,32768,,A,,NASDAQ 100 INDEX,I,E,,0.3095890410958904
3910341,102480,2022-02-25,NDX 220617C15700000,1,2022-06-17,2022-01-25,C,15700000,190.6,197.6,0,56,0.216482,0.213118,0.000171,2272.152,-800.5351,138101647,1,1,100,0,,,,,12490H10,NDX,9999.0,1,32768,,A,,NASDAQ 100 INDEX,I,E,,0.30684931506849317
3928066,102480,2022-02-28,NDX 220617C15700000,1,2022-06-17,2022-01-25,C,15700000,211.3,218.1,0,56,0.223758,0.226696,0.000174,2330.04,-872.3151,138101647,1,1,100,0,,,,,12490H10,NDX,9999.0,1,32768,,A,,NASDAQ 100 INDEX,I,E,,0.29863013698630136
3944438,102480,2022-03-01,NDX 220617C15700000,1,2022-06-17,2022-01-25,C,15700000,186.4,193.2,0,56,0.235872,0.201237,0.000157,2128.735,-848.7852,138101647,1,1,100,0,,,,,12490H10,NDX,9999.0,1,32768,,A,,NASDAQ 100 INDEX,I,E,,0.2958904109589041
3960264,102480,2022-03-02,NDX 220617C15700000,1,2022-06-17,2022-01-25,C,15700000,220.3,225.8,0,56,0.228865,0.231188,0.000173,2334.869,-911.0413,138101647,1,1,100,0,,,,,12490H10,NDX,9999.0,1,32768,,A,,NASDAQ 100 INDEX,I,E,,0.29315068493150687
3976144,102480,2022-03-03,NDX 220617C15700000,1,2022-06-17,2022-01-25,C,15700000,166.2,171.3,0,56,0.225183,0.19086,0.00016,2046.48,-793.9402,138101647,1,1,100,0,,,,,12490H10,NDX,9999.0,1,32768,,A,,NASDAQ 100 INDEX,I,E,,0.29041095890410956
3991240,102480,2022-03-04,NDX 220617C15700000,1,2022-06-17,2022-01-25,C,15700000,135.4,142.4,0,56,0.228916,0.163771,0.000146,1823.109,-726.3146,138101647,1,1,100,0,,,,,12490H10,NDX,9999.0,1,32768,,A,,NASDAQ 100 INDEX,I,E,,0.2876712328767123
4008228,102480,2022-03-07,NDX 220617C15700000,1,2022-06-17,2022-01-25,C,15700000,84.6,90.9,0,56,0.244936,0.111346,0.00011,1328.027,-583.0178,138101647,1,1,100,0,,,,,12490H10,NDX,9999.0,1,32768,,A,,NASDAQ 100 INDEX,I,E,,0.27945205479452057
4024446,102480,2022-03-08,NDX 220617C15700000,1,2022-06-17,2022-01-25,C,15700000,74.9,79.2,0,56,0.242067,0.101572,0.000106,1231.859,-539.978,138101647,1,1,100,0,,,,,12490H10,NDX,9999.0,1,32768,,A,,NASDAQ 100 INDEX,I,E,,0.27671232876712326
4040440,102480,2022-03-09,NDX 220617C15700000,1,2022-06-17,2022-01-25,C,15700000,116.9,121.0,0,56,0.231741,0.146656,0.000138,1642.382,-695.4005,138101647,1,1,100,0,,,,,12490H10,NDX,9999.0,1,32768,,A,,NASDAQ 100 INDEX,I,E,,0.273972602739726
4056486,102480,2022-03-10,NDX 220617C15700000,1,2022-06-17,2022-01-25,C,15700000,95.9,99.0,0,56,0.23238,0.12594,0.000126,1456.19,-624.5742,138101647,1,1,100,0,,,,,12490H10,NDX,9999.0,1,32768,,A,,NASDAQ 100 INDEX,I,E,,0.27123287671232876
4071778,102480,2022-03-11,NDX 220617C15700000,1,2022-06-17,2022-01-25,C,15700000,66.2,69.9,0,56,0.235383,0.094538,0.000104,1154.09,-506.9027,138101647,1,1,100,0,,,,,12490H10,NDX,9999.0,1,32768,,A,,NASDAQ 100 INDEX,I,E,,0.2684931506849315
4087178,102480,2022-03-14,NDX 220617C15700000,1,2022-06-17,2022-03-14,C,15700000,47.5,50.6,1,56,0.241295,0.072322,8.6e-05,911.0089,-423.4272,138101647,1,1,100,0,,,,,12490H10,NDX,9999.0,1,32768,,A,,NASDAQ 100 INDEX,I,E,,0.2602739726027397
4101710,102480,2022-03-15,NDX 220617C15700000,1,2022-06-17,2022-03-14,C,15700000,74.2,78.3,0,56,0.234135,0.10515,0.000114,1235.741,-562.6943,138101647,1,1,100,0,,,,,12490H10,NDX,9999.0,1,32768,,A,,NASDAQ 100 INDEX,I,E,,0.25753424657534246
4116944,102480,2022-03-16,NDX 220617C15700000,1,2022-06-17,2022-03-14,C,15700000,112.4,118.9,0,56,0.218552,0.152351,0.000154,1649.414,-707.7997,138101647,1,1,100,0,,,,,12490H10,NDX,9999.0,1,32768,,A,,NASDAQ 100 INDEX,I,E,,0.2547945205479452
4132308,102480,2022-03-17,NDX 220617C15700000,1,2022-06-17,2022-03-14,C,15700000,120.6,125.4,0,56,0.208922,0.164923,0.000168,1747.965,-724.4999,138101647,1,1,100,0,,,,,12490H10,NDX,9999.0,1,32768,,A,,NASDAQ 100 INDEX,I,E,,0.25205479452054796
4145672,102480,2022-03-18,NDX 220617C15700000,1,2022-06-17,2022-03-14,C,15700000,171.7,176.6,0,56,0.206906,0.216115,0.000198,2096.447,-868.9445,138101647,1,1,100,0,,,,,12490H10,NDX,9999.0,1,32768,,A,,NASDAQ 100 INDEX,I,E,,0.2493150684931507
4161318,102480,2022-03-21,NDX 220617C15700000,1,2022-06-17,2022-03-14,C,15700000,156.6,161.5,0,56,0.207521,0.203899,0.000194,1985.98,-854.4219,138101647,1,1,100,0,,,,,12490H10,NDX,9999.0,1,32768,,A,,NASDAQ 100 INDEX,I,E,,0.2410958904109589
4177166,102480,2022-03-22,NDX 220617C15700000,1,2022-06-17,2022-03-14,C,15700000,226.4,232.1,0,56,0.211059,0.264334,0.000218,2324.406,-1028.291,138101647,1,1,100,0,,,,,12490H10,NDX,9999.0,1,32768,,A,,NASDAQ 100 INDEX,I,E,,0.23835616438356164
4192198,102480,2022-03-23,NDX 220617C15700000,1,2022-06-17,2022-03-23,C,15700000,183.3,188.4,16,56,0.215467,0.225007,0.000199,2089.082,-956.2305,138101647,1,1,100,0,,,,,12490H10,NDX,9999.0,1,32768,,A,,NASDAQ 100 INDEX,I,E,,0.2356164383561644
4208656,102480,2022-03-24,NDX 220617C15700000,1,2022-06-17,2022-03-23,C,15700000,261.1,265.8,0,72,0.214822,0.290633,0.000225,2424.467,-1118.461,138101647,1,1,100,0,,,,,12490H10,NDX,9999.0,1,32768,,A,,NASDAQ 100 INDEX,I,E,,0.2328767123287671
4224732,102480,2022-03-25,NDX 220617C15700000,1,2022-06-17,2022-03-23,C,15700000,244.1,249.0,0,72,0.210344,0.282088,0.000228,2374.384,-1086.053,138101647,1,1,100,0,,,,,12490H10,NDX,9999.0,1,32768,,A,,NASDAQ 100 INDEX,I,E,,0.23013698630136986
4241930,102480,2022-03-28,NDX 220617C15700000,1,2022-06-17,2022-03-28,C,15700000,318.3,324.3,16,72,0.215146,0.338119,0.000242,2562.428,-1243.891,138101647,1,1,100,0,,,,,12490H10,NDX,9999.0,1,32768,,A,,NASDAQ 100 INDEX,I,E,,0.2219178082191781
4258216,102480,2022-03-29,NDX 220617C15700000,1,2022-06-17,2022-03-28,C,15700000,409.8,416.5,0,59,0.215909,0.400373,0.000252,2736.029,-1350.062,138101647,1,1,100,0,,,,,12490H10,NDX,9999.0,1,32768,,A,,NASDAQ 100 INDEX,I,E,,0.2191780821917808
4273838,102480,2022-03-30,NDX 220617C15700000,1,2022-06-17,2022-03-30,C,15700000,342.2,348.0,2,59,0.215502,0.357266,0.000248,2596.642,-1297.462,138101647,1,1,100,0,,,,,12490H10,NDX,9999.0,1,32768,,A,,NASDAQ 100 INDEX,I,E,,0.21643835616438356
4290282,102480,2022-03-31,NDX 220617C15700000,1,2022-06-17,2022-03-31,C,15700000,279.6,287.4,1,59,0.223251,0.306917,0.000231,2391.493,-1254.856,138101647,1,1,100,0,,,,,12490H10,NDX,9999.0,1,32768,,A,,NASDAQ 100 INDEX,I,E,,0.2136986301369863
4305992,102480,2022-04-01,NDX 220617C15700000,1,2022-06-17,2022-03-31,C,15700000,251.3,255.8,0,60,0.209008,0.296984,0.000244,2344.791,-1167.884,138101647,1,1,100,0,,,,,12490H10,NDX,9999.0,1,32768,,A,,NASDAQ 100 INDEX,I,E,,0.21095890410958903
4323640,102480,2022-04-04,NDX 220617C15700000,1,2022-06-17,2022-03-31,C,15700000,337.0,341.7,0,60,0.207554,0.368808,0.000268,2554.352,-1316.62,138101647,1,1,100,0,,,,,12490H10,NDX,9999.0,1,32768,,A,,NASDAQ 100 INDEX,I,E,,0.20273972602739726
4340086,102480,2022-04-05,NDX 220617C15700000,1,2022-06-17,2022-03-31,C,15700000,235.6,240.4,0,60,0.212807,0.285698,0.000242,2235.556,-1199.956,138101647,1,1,100,0,,,,,12490H10,NDX,9999.0,1,32768,,A,,NASDAQ 100 INDEX,I,E,,0.2
4355644,102480,2022-04-06,NDX 220617C15700000,1,2022-06-17,2022-03-31,C,15700000,156.8,161.0,0,60,0.214658,0.212962,0.000212,1856.982,-1020.875,138101647,1,1,100,0,,,,,12490H10,NDX,9999.0,1,32768,,A,,NASDAQ 100 INDEX,I,E,,0.19726027397260273
4371262,102480,2022-04-07,NDX 220617C15700000,1,2022-06-17,2022-04-07,C,15700000,158.4,162.4,2,60,0.213108,0.216457,0.000216,1865.635,-1033.435,138101647,1,1,100,0,,,,,12490H10,NDX,9999.0,1,32768,,A,,NASDAQ 100 INDEX,I,E,,0.19452054794520549
4386009,102480,2022-04-08,NDX 220617C15700000,1,2022-06-17,2022-04-07,C,15700000,105.3,107.6,0,58,0.205657,0.163422,0.000192,1535.971,-833.6273,138101647,1,1,100,0,,,,,12490H10,NDX,9999.0,1,32768,,A,,NASDAQ 100 INDEX,I,E,,0.1917808219178082
4402791,102480,2022-04-11,NDX 220617C15700000,1,2022-06-17,2022-04-07,C,15700000,67.7,70.2,0,58,0.216959,0.114064,0.000149,1147.602,-687.3842,138101647,1,1,100,0,,,,,12490H10,NDX,9999.0,1,32768,,A,,NASDAQ 100 INDEX,I,E,,0.18356164383561643
4418479,102480,2022-04-12,NDX 220617C15700000,1,2022-06-17,2022-04-07,C,15700000,58.9,61.2,0,58,0.215406,0.103213,0.000142,1056.099,-638.0359,138101647,1,1,100,0,,,,,12490H10,NDX,9999.0,1,32768,,A,,NASDAQ 100 INDEX,I,E,,0.18082191780821918
4433445,102480,2022-04-13,NDX 220617C15700000,1,2022-06-17,2022-04-07,C,15700000,68.6,70.6,0,58,0.197766,0.123609,0.000173,1215.526,-685.0887,138101647,1,1,100,0,,,,,12490H10,NDX,9999.0,1,32768,,A,,NASDAQ 100 INDEX,I,E,,0.1780821917808219
4447303,102480,2022-04-14,NDX 220617C15700000,1,2022-06-17,2022-04-07,C,15700000,41.8,44.0,0,58,0.205346,0.082171,0.000128,875.3731,-520.6748,138101647,1,1,100,0,,,,,12490H10,NDX,9999.0,1,32768,,A,,NASDAQ 100 INDEX,I,E,,0.17534246575342466
4460311,102480,2022-04-18,NDX 220617C15700000,1,2022-06-17,2022-04-18,C,15700000,39.0,41.0,1,58,0.207006,0.078949,0.000127,822.9771,-527.0378,138101647,1,1,100,0,,,,,12490H10,NDX,9999.0,1,32768,,A,,NASDAQ 100 INDEX,I,E,,0.1643835616438356
4473319,102480,2022-04-19,NDX 220617C15700000,1,2022-06-17,2022-04-19,C,15700000,59.1,62.4,5,58,0.200494,0.113713,0.000169,1090.422,-688.3351,138101647,1,1,100,0,,,,,12490H10,NDX,9999.0,1,32768,,A,,NASDAQ 100 INDEX,I,E,,0.16164383561643836
4487719,102480,2022-04-20,NDX 220617C15700000,1,2022-06-17,2022-04-20,C,15700000,40.8,42.8,1,63,0.204115,0.083622,0.000136,850.1066,-555.9987,138101647,1,1,100,0,,,,,12490H10,NDX,9999.0,1,32768,,A,,NASDAQ 100 INDEX,I,E,,0.1589041095890411
4502273,102480,2022-04-21,NDX 220617C15700000,1,2022-06-17,2022-04-20,C,15700000,28.1,30.2,0,62,0.215633,0.060261,0.000103,642.2321,-451.716,138101647,1,1,100,0,,,,,12490H10,NDX,9999.0,1,32768,,A,,NASDAQ 100 INDEX,I,E,,0.15616438356164383
4516017,102480,2022-04-22,NDX 220617C15700000,1,2022-06-17,2022-04-22,C,15700000,19.0,22.1,3,62,0.235586,0.042655,7.4e-05,470.6101,-368.2411,138101647,1,1,100,0,,,,,12490H10,NDX,9999.0,1,32768,,A,,NASDAQ 100 INDEX,I,E,,0.15342465753424658
4529959,102480,2022-04-25,NDX 220617C15700000,1,2022-06-17,2022-04-22,C,15700000,21.5,23.0,0,64,0.229361,0.04732,8.4e-05,504.033,-406.0509,138101647,1,1,100,0,,,,,12490H10,NDX,9999.0,1,32768,,A,,NASDAQ 100 INDEX,I,E,,0.14520547945205478
4544899,102480,2022-04-26,NDX 220617C15700000,1,2022-06-17,2022-04-26,C,15700000,13.3,15.1,1,64,0.260566,0.029933,5.4e-05,330.2149,-307.7417,138101647,1,1,100,0,,,,,12490H10,NDX,9999.0,1,32768,,A,,NASDAQ 100 INDEX,I,E,,0.14246575342465753
4561163,102480,2022-04-27,NDX 220617C15700000,1,2022-06-17,2022-04-26,C,15700000,9.6,13.0,0,63,0.254248,0.025203,4.8e-05,283.1469,-262.5785,138101647,1,1,100,0,,,,,12490H10,NDX,9999.0,1,32768,,A,,NASDAQ 100 INDEX,I,E,,0.13972602739726028
4577597,102480,2022-04-28,NDX 220617C15700000,1,2022-06-17,2022-04-26,C,15700000,17.5,20.2,0,63,0.236476,0.041141,7.6e-05,434.5879,-382.4888,138101647,1,1,100,0,,,,,12490H10,NDX,9999.0,1,32768,,A,,NASDAQ 100 INDEX,I,E,,0.136986301369863
4593219,102480,2022-04-29,NDX 220617C15700000,1,2022-06-17,2022-04-26,C,15700000,9.5,11.9,0,63,0.270732,0.023391,4.4e-05,257.6037,-264.9969,138101647,1,1,100,0,,,,,12490H10,NDX,9999.0,1,32768,,A,,NASDAQ 100 INDEX,I,E,,0.13424657534246576
4609248,102480,2022-05-02,NDX 220617C15700000,1,2022-06-17,2022-05-02,C,15700000,11.5,14.0,2,63,0.266294,0.028059,5.3e-05,295.4592,-318.8784,138101647,1,1,100,0,,,,,12490H10,NDX,9999.0,1,32768,,A,,NASDAQ 100 INDEX,I,E,,0.12602739726027398
4626102,102480,2022-05-03,NDX 220617C15700000,1,2022-06-17,2022-05-02,C,15700000,10.6,12.3,0,62,0.263351,0.025983,5e-05,274.2969,-299.4711,138101647,1,1,100,0,,,,,12490H10,NDX,9999.0,1,32768,,A,,NASDAQ 100 INDEX,I,E,,0.1232876712328767
4642262,102480,2022-05-04,NDX 220617C15700000,1,2022-06-17,2022-05-02,C,15700000,11.7,18.8,0,62,0.235144,0.036121,7.3e-05,368.3314,-367.5741,138101647,1,1,100,0,,,,,12490H10,NDX,9999.0,1,32768,,A,,NASDAQ 100 INDEX,I,E,,0.12054794520547946
4658582,102480,2022-05-05,NDX 220617C15700000,1,2022-06-17,2022-05-02,C,15700000,8.1,10.7,0,62,0.284123,0.021188,4.1e-05,221.601,-273.5861,138101647,1,1,100,0,,,,,12490H10,NDX,9999.0,1,32768,,A,,NASDAQ 100 INDEX,I,E,,0.1178082191780822
4675132,102480,2022-05-06,NDX 220617C15700000,1,2022-06-17,2022-05-06,C,15700000,5.8,7.3,1,62,0.287616,0.015509,3.2e-05,165.7762,-212.2581,138101647,1,1,100,0,,,,,12490H10,NDX,9999.0,1,32768,,A,,NASDAQ 100 INDEX,I,E,,0.11506849315068493
4693158,102480,2022-05-09,NDX 220617C15700000,1,2022-06-17,2022-05-06,C,15700000,4.2,6.2,0,61,0.338255,0.01173,2.3e-05,120.4084,-195.5765,138101647,1,1,100,0,,,,,12490H10,NDX,9999.0,1,32768,,A,,NASDAQ 100 INDEX,I,E,,0.10684931506849316
4710302,102480,2022-05-10,NDX 220617C15700000,1,2022-06-17,2022-05-10,C,15700000,4.6,5.6,1,61,0.326439,0.011889,2.4e-05,121.7755,-196.0481,138101647,1,1,100,0,,,,,12490H10,NDX,9999.0,1,32768,,A,,NASDAQ 100 INDEX,I,E,,0.10410958904109589
4727180,102480,2022-05-11,NDX 220617C15700000,1,2022-06-17,2022-05-10,C,15700000,2.7,3.9,0,60,0.349822,0.007852,1.6e-05,81.03045,-143.7253,138101647,1,1,100,0,,,,,12490H10,NDX,9999.0,1,32768,,A,,NASDAQ 100 INDEX,I,E,,0.10136986301369863
4744134,102480,2022-05-12,NDX 220617C15700000,1,2022-06-17,2022-05-10,C,15700000,2.15,3.8,0,60,0.352707,0.007193,1.5e-05,73.83202,-135.8149,138101647,1,1,100,0,,,,,12490H10,NDX,9999.0,1,32768,,A,,NASDAQ 100 INDEX,I,E,,0.09863013698630137
4760132,102480,2022-05-13,NDX 220617C15700000,1,2022-06-17,2022-05-10,C,15700000,2.75,4.3,0,60,0.321143,0.008933,2e-05,91.28953,-157.4141,138101647,1,1,100,0,,,,,12490H10,NDX,9999.0,1,32768,,A,,NASDAQ 100 INDEX,I,E,,0.0958904109589041
4776202,102480,2022-05-16,NDX 220617C15700000,1,2022-06-17,2022-05-16,C,15700000,1.6,2.6,20,60,0.330975,0.005713,1.4e-05,58.08627,-113.2087,138101647,1,1,100,0,,,,,12490H10,NDX,9999.0,1,32768,,A,,NASDAQ 100 INDEX,I,E,,0.08767123287671233
4793488,102480,2022-05-17,NDX 220617C15700000,1,2022-06-17,2022-05-17,C,15700000,1.85,3.0,20,77,0.309632,0.006851,1.7e-05,68.86302,-129.7751,138101647,1,1,100,0,,,,,12490H10,NDX,9999.0,1,32768,,A,,NASDAQ 100 INDEX,I,E,,0.08493150684931507
4809854,102480,2022-05-18,NDX 220617C15700000,1,2022-06-17,2022-05-18,C,15700000,1.1,2.0,34,97,0.362826,0.004205,1e-05,41.65285,-95.11852,138101647,1,1,100,0,,,,,12490H10,NDX,9999.0,1,32768,,A,,NASDAQ 100 INDEX,I,E,,0.0821917808219178
4826270,102480,2022-05-19,NDX 220617C15700000,1,2022-06-17,2022-05-18,C,15700000,0.55,1.45,0,131,0.35879,0.002894,8e-06,29.12833,-68.1198,138101647,1,1,100,0,,,,,12490H10,NDX,9999.0,1,32768,,A,,NASDAQ 100 INDEX,I,E,,0.07945205479452055
4840452,102480,2022-05-20,NDX 220617C15700000,1,2022-06-17,2022-05-18,C,15700000,0.55,1.6,0,131,0.37201,0.003053,8e-06,29.92048,-75.23409,138101647,1,1,100,0,,,,,12490H10,NDX,9999.0,1,32768,,A,,NASDAQ 100 INDEX,I,E,,0.07671232876712329
4856262,102480,2022-05-23,NDX 220617C15700000,1,2022-06-17,2022-05-18,C,15700000,0.7,1.45,0,131,0.37323,0.003161,8e-06,29.58927,-83.97009,138101647,1,1,100,0,,,,,12490H10,NDX,9999.0,1,32768,,A,,NASDAQ 100 INDEX,I,E,,0.0684931506849315
4872166,102480,2022-05-24,NDX 220617C15700000,1,2022-06-17,2022-05-18,C,15700000,0.2,1.15,0,131,0.392971,0.002042,6e-06,19.0868,-59.50907,138101647,1,1,100,0,,,,,12490H10,NDX,9999.0,1,32768,,A,,NASDAQ 100 INDEX,I,E,,0.06575342465753424
4887450,102480,2022-05-25,NDX 220617C15700000,1,2022-06-17,2022-05-18,C,15700000,0.35,1.0,0,131,0.382878,0.002104,6e-06,19.46523,-61.81677,138101647,1,1,100,0,,,,,12490H10,NDX,9999.0,1,32768,,A,,NASDAQ 100 INDEX,I,E,,0.06301369863013699
4902734,102480,2022-05-26,NDX 220617C15700000,1,2022-06-17,2022-05-18,C,15700000,0.25,0.95,0,131,0.351669,0.002028,6e-06,18.90804,-57.78056,138101647,1,1,100,0,,,,,12490H10,NDX,9999.0,1,32768,,A,,NASDAQ 100 INDEX,I,E,,0.06027397260273973
4917422,102480,2022-05-27,NDX 220617C15700000,1,2022-06-17,2022-05-18,C,15700000,0.35,1.15,0,131,0.323072,0.002671,9e-06,24.45594,-72.09527,138101647,1,1,100,0,,,,,12490H10,NDX,9999.0,1,32768,,A,,NASDAQ 100 INDEX,I,E,,0.057534246575342465
4932244,102480,2022-05-31,NDX 220617C15700000,1,2022-06-17,2022-05-18,C,15700000,0.2,0.9,0,131,0.355648,0.002039,7e-06,17.07775,-69.27609,138101647,1,1,100,0,,,,,12490H10,NDX,9999.0,1,32768,,A,,NASDAQ 100 INDEX,I,E,,0.04657534246575343
4946446,102480,2022-06-01,NDX 220617C15700000,1,2022-06-17,2022-05-18,C,15700000,0.05,0.65,0,131,0.364231,0.00136,5e-06,11.34906,-50.29212,138101647,1,1,100,0,,,,,12490H10,NDX,9999.0,1,32768,,A,,NASDAQ 100 INDEX,I,E,,0.043835616438356165
4962056,102480,2022-06-02,NDX 220617C15700000,1,2022-06-17,2022-05-18,C,15700000,0.1,0.75,0,131,0.340413,0.001743,7e-06,14.12907,-62.7024,138101647,1,1,100,0,,,,,12490H10,NDX,9999.0,1,32768,,A,,NASDAQ 100 INDEX,I,E,,0.0410958904109589
4977086,102480,2022-06-03,NDX 220617C15700000,1,2022-06-17,2022-05-18,C,15700000,0.0,0.65,0,131,0.388842,0.001276,5e-06,9.970979,-54.4316,138101647,1,1,100,0,,,,,12490H10,NDX,9999.0,1,32768,,A,,NASDAQ 100 INDEX,I,E,,0.038356164383561646
4993456,102480,2022-06-06,NDX 220617C15700000,1,2022-06-17,2022-05-18,C,15700000,0.0,0.45,0,131,0.422892,0.000942,4e-06,6.648942,-51.31593,138101647,1,1,100,0,,,,,12490H10,NDX,9999.0,1,32768,,A,,NASDAQ 100 INDEX,I,E,,0.030136986301369864
5008866,102480,2022-06-07,NDX 220617C15700000,1,2022-06-17,2022-05-18,C,15700000,0.0,0.45,0,131,0.429087,0.000968,4e-06,6.521914,-56.74741,138101647,1,1,100,0,,,,,12490H10,NDX,9999.0,1,32768,,A,,NASDAQ 100 INDEX,I,E,,0.0273972602739726
5023846,102480,2022-06-08,NDX 220617C15700000,1,2022-06-17,2022-05-18,C,15700000,0.0,0.4,0,131,0.46597,0.000854,3e-06,5.442423,-57.85402,138101647,1,1,100,0,,,,,12490H10,NDX,9999.0,1,32768,,A,,NASDAQ 100 INDEX,I,E,,0.024657534246575342
5038858,102480,2022-06-09,NDX 220617C15700000,1,2022-06-17,2022-05-18,C,15700000,0.0,0.45,0,131,0.561904,0.000877,3e-06,5.069281,-74.26272,138101647,1,1,100,0,,,,,12490H10,NDX,9999.0,1,32768,,A,,NASDAQ 100 INDEX,I,E,,0.021917808219178082
5054484,102480,2022-06-10,NDX 220617C15700000,1,2022-06-17,2022-05-18,C,15700000,0.0,0.45,0,131,0.689766,0.000807,3e-06,4.192617,-87.95661,138101647,1,1,100,0,,,,,12490H10,NDX,9999.0,1,32768,,A,,NASDAQ 100 INDEX,I,E,,0.019178082191780823
5070648,102480,2022-06-13,NDX 220617C15700000,1,2022-06-17,2022-05-18,C,15700000,0.0,0.55,0,131,1.144244,0.000879,3e-06,3.061319,-213.0849,138101647,1,1,100,0,,,,,12490H10,NDX,9999.0,1,32768,,A,,NASDAQ 100 INDEX,I,E,,0.010958904109589041
5086664,102480,2022-06-14,NDX 220617C15700000,1,2022-06-17,2022-05-18,C,15700000,0.0,0.45,0,131,1.371675,0.000742,2e-06,2.14172,-268.0604,138101647,1,1,100,0,,,,,12490H10,NDX,9999.0,1,32768,,A,,NASDAQ 100 INDEX,I,E,,0.00821917808219178
5102572,102480,2022-06-15,NDX 220617C15700000,1,2022-06-17,2022-05-18,C,15700000,0.0,0.5,0,131,1.817981,0.000849,3e-06,1.757169,-582.9868,138101647,1,1,100,0,,,,,12490H10,NDX,9999.0,1,32768,,A,,NASDAQ 100 INDEX,I,E,,0.005479452054794521
5118480,102480,2022-06-16,NDX 220617C15700000,1,2022-06-17,2022-05-18,C,15700000,0.0,0.6,0,131,,,,,,138101647,1,1,100,0,,,,,12490H10,NDX,9999.0,1,32768,,A,,NASDAQ 100 INDEX,I,E,,0.0027397260273972603
